회사명,업종,주요제품,이미 본 기업 o 표시,19년도 이후 상장,시총 1000억,단가 공시 여부 ,수주 기업 여부,
안국약품,의약품 제조업,"그랑파제, 토비콤-S",,,,,,
삼아제약,의약품 제조업,"노마에프, 아토크건조시럽, 코데날정, 코코시럽, 스마엘",,,,,,
진양제약,의약품 제조업,"소부날, 옥티란",,,,,,
서울제약,의약품 제조업,"정제,연질캅셀제,경질캅셀제,연고 및 크림제 등",,,,,,
삼천당제약,의약품 제조업,"하메론, 아토로우",,,,,,
고려제약,의약품 제조업,"하벤(종합감기약),뉴로메드(치매치료제)등",,,,,,
바이넥스,의약품 제조업,"정장제, 소화제",,,,,,
CMG제약,의약품 제조업,의약품,,,,,,
코미팜,의약품 제조업,동물약품,,,,,,
경남제약,의약품 제조업,PCB 드릴가공,,,,,,
종근당바이오,의약품 제조업,"의약품,원료의약품 제조",,,,,,
제일바이오,의약품 제조업,동물사료첨가제,,,,,,
씨티씨바이오,의약품 제조업,"동물용항병원성제품, 생균효소제",,,,,,
대한뉴팜,의약품 제조업,"동물약품,인체약품",,,,,,
화일약품,의약품 제조업,의약품 원료,,,,,,
대웅제약,의약품 제조업,"양약,의료기기 제조/화장품,의약부의품 도소매/부동산 임대",,,,,,
JW신약,의약품 제조업,"매니큐어세트, 손톱깎이",,,,,,
대화제약,의약품 제조업,"후로스판, 세파메칠 등",,,,,,
에스텍파마,의약품 제조업,원료의약품,,,,,,
테라젠이텍스,의약품 제조업,"Loading/Unloading System, PCB Bonding System",,,,,,
대봉엘에스,의약품 제조업,"원료의약품,화장품원료",,,,,,
셀트리온제약,의약품 제조업,고덱스 캡슐 외,,,,,,
휴온스글로벌,의약품 제조업,의약품제조업,,,,,,
오스코텍,의약품 제조업,"뼈이식재,건강식품소재",,,,,,
동국제약,의약품 제조업,"인사돌, 복합마데카솔, 파미레이",,,,,,
유나이티드,의약품 제조업,"홈타민 진생연질60C(비타민제),항암제,항생제,순환기계,해열진통제,소화기계약품 제조",,,,,,
우진비앤지,의약품 제조업,"슈퍼티아, 안티펜SM",,,,,,
명문제약,의약품 제조업,"의약품(ROBAXIN 주사,KIMITE패취) 제조,판매",,,,,,
이연제약,의약품 제조업,"항생제,순환기제",,,,,,
한미약품,의약품 제조업,의약품,,,,,,
옵투스제약,의약품 제조업,티어린프리점안액,,,,,,
동아에스티,의약품 제조업,"스티렌, 자이데나",,,,,,
종근당,의약품 제조업,"딜라트렌,리피로우",,,,,,
비씨월드제약,의약품 제조업,"마취통증약, 순환계약, 항생제, 기타처방약",,,,,,
휴메딕스,의약품 제조업,"히알루론산 관절염치료제, 히알루론산 더말필러",,,,,,
듀켐바이오,의약품 제조업,"방사성의약품, 의료기기, 장비, 암진단의약품 도매, 무역 장비 임대 암진단의약품 등 제조",,,,,,
코아스템켐온,의약품 제조업,줄기세포 치료제,,,,,,
파마리서치바이오,의약품 제조업,"메디컬 에스테틱, 생물학적 제재",,,,,,
팬젠,의약품 제조업,"바이오시밀러 의약품 개발, 바이오의약품 개발 기술이전 서비스 등",,,,,,
휴온스,의약품 제조업,"전문의약품, 일반의약품",,,,,,
에스티팜,의약품 제조업,원료의약품,,,,,,
일동제약,의약품 제조업,"아로나민, 후루마린, 큐란, 라비에트, 사미온 등",,,,,,
JW생명과학,의약품 제조업,"기초수액, TPN, 특수수액, HEMO, 영양수액 등",,,,,,
퓨쳐켐,의약품 제조업,"PET 방사성의약품, 자동합성장치, 합성시약 및 전구체",,,,,,
유바이오로직스,의약품 제조업,"경구용 콜레라 백신, 바이오의약품 수탁 연구 및 제조",,,,,,
신신제약,의약품 제조업,파스류 (신신파스 아렉스 등),,,,,,
제일약품,의약품 제조업,의약품,,,,,,
동구바이오제약,의약품 제조업,"피부, 비뇨기과 완제의약품",,,,,,
아이큐어,의약품 제조업,"플라스타, 의약 및 의약외품 패취등, 마스크팩, 화장품 기초라인",,,,,,
한국유니온제약,의약품 제조업,"항생제, 순환기계, 근골격계, 소화기계류 완제의약품",,,,,,
하나제약,의약품 제조업,완제의약품,,,,,,
엘앤씨바이오,의약품 제조업,"인체조직(피부, 뼈, 연골)",,,,,,
파멥신,의약품 제조업,항체치료제,,,,,,
국전약품,의약품 제조업,기업 인수 및 합병,,,,,,
녹십자웰빙,의약품 제조업,"전문의약품, 건강기능식품",,,,,,
한신기계공업,일반 목적용 기계 제조업,"공기압축기,공구류 제조,판매/오파",,,,,,
계양전기,일반 목적용 기계 제조업,"전동공구(그라인더,드릴,커팅머신 등), 엔진, 자동차용 모터 제조",,,,,,
큐로,일반 목적용 기계 제조업,"열교환기,압력용기,저장탱크,산업용보일러 제조",,,,,,
삼익THK,일반 목적용 기계 제조업,"직선운동시스템,메카트로시스템,기타정밀 자동화기기 제조,판매/전자상거래,인터넷 관련 s/w,h/w 개발,판매,유지보수",,,,,,
청호ICT,일반 목적용 기계 제조업,"금융단말기(현금자동입출금기,온라인단말기),통신기기 제조,판매",,,,,,
유니슨,일반 목적용 기계 제조업,"풍력발전기, 풍력타워",,,,,,
현대엘리베이터,일반 목적용 기계 제조업,"엘리베이터,에스컬레이터,공항,공정,크린룸,병원 물류시스템,수,배송센터,고속소팅시스템,주차설비 제조,판매,보수",,,,,,
한온시스템,일반 목적용 기계 제조업,"자동차용부품(라디에이터,히터,에어콘,압축기,콘덴서,컴퓨레사) 제조,도매",,,,,,
영풍정밀,일반 목적용 기계 제조업,"펌프, 밸브, 주물",,,,,,
화성밸브,일반 목적용 기계 제조업,"가스밸브, 매몰용접용 볼밸브, 온수분배기",,,,,,
에쎈테크,일반 목적용 기계 제조업,LPG밸브,,,,,,
두산에너빌리티,일반 목적용 기계 제조업,"기관,터어빈,선박용엔진,주단조품,제강제품 제조/종합건설",,,,,,
크린앤사이언스,일반 목적용 기계 제조업,자동차용 여과지,o,,,,,선배
TPC,일반 목적용 기계 제조업,"구동기기(실린더), 방향제어기(밸브)",,,,,,
조광ILI,일반 목적용 기계 제조업,"안전밸브,스팀트랩",,,,,,
오리엔탈정공,일반 목적용 기계 제조업,선박용 기계제품(크레인 등),,,,,,
팬스타엔터프라이즈,일반 목적용 기계 제조업,자동차 정비용 리프트,,,,,,
이엔플러스,일반 목적용 기계 제조업,소방자동차 제조,,,,,,
STX엔진,일반 목적용 기계 제조업,"엔진,터빈,내연기관 제조,도매",,,,,,
케이에스피,일반 목적용 기계 제조업,"선박용엔진밸브,형단조품",,,,,,
비에이치아이,일반 목적용 기계 제조업,"보일러,열교환기등",,,,,,
수성샐바시온,일반 목적용 기계 제조업,전동지게차,,,,,,
에너토크,일반 목적용 기계 제조업,전동액츄에이터,,,,,,
제이브이엠,일반 목적용 기계 제조업,"전자동 정제,분류 및 포장시스템",o,,,,,선배
비엠티,일반 목적용 기계 제조업,"정밀계장용피팅및밸브류,전원분배장치(MCPD)",,,,,,
일신바이오,일반 목적용 기계 제조업,초저온냉동고및동결건조기,,,,,,
SNT에너지,일반 목적용 기계 제조업,"공냉식 열교환장치,폐열회수장치 제조",,,,,,
우림피티에스,일반 목적용 기계 제조업,"트랜스미션,감속기,기어전동축 제조",,,,,,
STX중공업,일반 목적용 기계 제조업,"조선기자재, 기계부품",,,,,,
에스앤더블류,일반 목적용 기계 제조업,"디젤엔진부품, 산업부품, 단조품",,,,,,
디와이피엔에프,일반 목적용 기계 제조업,뉴메틱 컨베잉 시스템(분체이송시스템),,,,,,
KC코트렐,일반 목적용 기계 제조업,전기집진기 등,,,,,,
디케이락,일반 목적용 기계 제조업,계장용 피팅 및 밸브,,,,,,
HSD엔진,일반 목적용 기계 제조업,"대형선박용엔진,내연발전엔진",,,,,,
제이엔케이히터,일반 목적용 기계 제조업,"산업용가열로, 수소충전소",,,,,,
에스엠코어,일반 목적용 기계 제조업,"자동화물류서비스, 자동화공정설비",,,,,,
서암기계공업,일반 목적용 기계 제조업,"공작기계부품(정밀기어,척),산업기계 제조부동산 임대",,,,,,
현대건설기계,일반 목적용 기계 제조업,"굴삭기, 지게차, 휠로더 등",,,,,,
비디아이,일반 목적용 기계 제조업,"탈황설비, 전기집진기, 회처리 및 회정제설비",,,,,,
현대무벡스,일반 목적용 기계 제조업,"물류자동화, IT서비스",,,,,,
한독크린텍,일반 목적용 기계 제조업,정수기 필터,,,,,,
씨에스베어링,일반 목적용 기계 제조업,"풍력용 선회베어링, 산업용 선회베어링",,,,,,
삼성SDI,일차전지 및 축전지 제조업,"2차전지, 전자재료 제조 판매",,,,,,
세방전지,일차전지 및 축전지 제조업,"자동차용 및 산업용 축전지(연축전지) 제조,판매",,,,,,
DN오토모티브,일차전지 및 축전지 제조업,자동차용 밧데리,,,,,,
엘앤에프,일차전지 및 축전지 제조업,2차전지 양극활물질,,,,,,
상신이디피,일차전지 및 축전지 제조업,2차전지부품,,,,,,
비츠로셀,일차전지 및 축전지 제조업,리튬1차전지,,,,,,
이엠티,일차전지 및 축전지 제조업,이차전지 양극재용 전구체,,,,,,
신흥에스이씨,일차전지 및 축전지 제조업,"2차전지용 안전 부품(Cap Assembly, CID)",,,,,,
에코프로비엠,일차전지 및 축전지 제조업,양극활물질,,,,,,
에이에프더블류,일차전지 및 축전지 제조업,음극마찰용접단자,,,,,,
태원물산,자동차 신품 부품 제조업,"자동차부품,워터펌프,인산정제석고,건축자재(불연내장재), 제조,수출입",,,,,,
부산주공,자동차 신품 부품 제조업,"자동차부품(엔진부품,조향장치부품,브레이장치부품,오토미셧부품) 제조,도매/부동산 임대",,,,,,
태양금속공업,자동차 신품 부품 제조업,"자동차용 강력볼트,너트,전기전자제품용 나사,자전거부품,전해동박,도금도장설비 제조",,,,,,
SG글로벌,자동차 신품 부품 제조업,"자동차시트커버(Seat Trim Cover), 면사, 면ㆍ혼방사 등의 제조 및 판매",,,,,,
SNT다이내믹스,자동차 신품 부품 제조업,"자동차부품(동력전달장치 등),공작기계(CNC선반 등),사출성형기 제조",,,,,,
대유에이텍,자동차 신품 부품 제조업,자동차부품(자동차용 시트)제조,,,,,,
대원강업,자동차 신품 부품 제조업,"차량용스프링,기계부속,시트,타이어체인,합성수지제품,철도용스파이크 제조,도매",,,,,,
평화홀딩스,자동차 신품 부품 제조업,지주회사,,,,,,
한국프랜지공업,자동차 신품 부품 제조업,"자동차부품(제동,구동장치),프랜지(관이음쇠),철구조물,산업기계 제조",,,,,,
삼성공조,자동차 신품 부품 제조업,"자동차부품(라디에터,오일쿨러,인터쿨러) 제조,판매",,,,,,
유성기업,자동차 신품 부품 제조업,"철도차량부품(피스턴링,실린더라이너,발브가이드,타펫트),자동차부품,주강,주물 제조,판매",,,,,,
에스엘,자동차 신품 부품 제조업,"자동차부품(자동차램프, 전동화부품, 전자부품) 제조, 판매",,,,,,
대창단조,자동차 신품 부품 제조업,"자동차,중장비 부품(크랭크샤프트,트랙링크조립체,커넥팅로드,중장비롤러류),기어,동력전달장치,단조가공품,단조품 제조",,,,,,
대우부품,자동차 신품 부품 제조업,"전해콘덴서,복합부품,전자튜너 제조",,,,,,
현대모비스,자동차 신품 부품 제조업,"자동차A/S용 부품,컨테이너,특수중기,산업기계제품 생산,판매,부품모듈화,부품수출사업,환경/플랜트사업,특수중기부문(컨테이너)",,,,,,
영화금속,자동차 신품 부품 제조업,"자동차부품,건축자재(관이음쇠) 제조,판매",,,,,,
케이비아이동국실업,자동차 신품 부품 제조업,"자동차부품(에어닥트,글로벌박스,노즐,어셈블리류,핸들류) 제조,판매/공장 임대",,,,,,
화승코퍼레이션,자동차 신품 부품 제조업,"산업용 고무제품(호스시트,벨트,펜더 등) 제조, 판매",,,,,,
일지테크,자동차 신품 부품 제조업,"차체(라지에타, 팩케이지, 씨트 크로스, 대쉬 판넬)",,,,,,
대원산업,자동차 신품 부품 제조업,자동차시트,,,,,,
CBI,자동차 신품 부품 제조업,엔진부품,,,,,,
유니크,자동차 신품 부품 제조업,"EGR밸브, 유압솔레노이드밸브, 퓨얼벤트밸브, 퓨얼컷트밸브, 체크밸브, 케니스타 등",,,,,,
모토닉,자동차 신품 부품 제조업,"자동차용 기화기(캬브레타,다이캐스트,연료펌프) 제조,판매",,,,,,
화신,자동차 신품 부품 제조업,"자동차엔진부품(ARM류,C/MBR류),자동차부품 제조",,,,,,
모베이스전자,자동차 신품 부품 제조업,"스마트키,스위치",,,,,,
KB오토시스,자동차 신품 부품 제조업,브레이크패드,,,,,,
에스엠벡셀,자동차 신품 부품 제조업,"자동차부품(워터펌프,오일펌프,엔진헤드(GV6),프론트케이스) 제조",,,,,,
경창산업,자동차 신품 부품 제조업,"각종 케이블, 개폐랫치, 리저브탱크, 밴드류, 페달류, 오토트랜스미션부품, 시트용 단품",,,,,,
세원물산,자동차 신품 부품 제조업,라디에이터서포터,,,,,,
성우하이텍,자동차 신품 부품 제조업,자동차범퍼,,,,,,
동원금속,자동차 신품 부품 제조업,"자동차부품(도어후레임,머플러,임팩트빔),강관 제조,판매",,,,,,
세원정공,자동차 신품 부품 제조업,"자동차부품(차체류,램프류) 제조",,,,,,
한일단조,자동차 신품 부품 제조업,단조품,,,,,,
오스템,자동차 신품 부품 제조업,휠,,,,,,
덕양산업,자동차 신품 부품 제조업,"자동차부품(CRASH PAD,TRIM PANEL) 제조,판매",,,,,,
인지컨트롤스,자동차 신품 부품 제조업,"자동차부품(터머스위치,터머스탯) 제조",,,,,,
체시스,자동차 신품 부품 제조업,"자동차부품,뒷차축 제조",,,,,,
에코플라스틱,자동차 신품 부품 제조업,BUMPER 및 자동차TRIM류,,,,,,
코다코,자동차 신품 부품 제조업,"Oil Pump, Throttle Body",,,,,,
세동,자동차 신품 부품 제조업,"도어벨트, 몰딩",,,,,,
삼보모터스,자동차 신품 부품 제조업,증명서 자동발급기,,,,,,
피에이치에이,자동차 신품 부품 제조업,"자동차용 도어랫치, 도어힌지",,,,,,
구영테크,자동차 신품 부품 제조업,엔진 브라켓(Engine Bracket) 등,,,,,,
SNT모티브,자동차 신품 부품 제조업,"자동차부품(서스펜션모듈,전장품,속옵서버,에어백,트로틀바디,너클),방산품(총포) 제조,도매",,,,,,
오리엔트정공,자동차 신품 부품 제조업,"하우징, 리테이너베어링",,,,,,
세종공업,자동차 신품 부품 제조업,"자동차부품,자동차소음기(머플러),배기가스정화기,배기계통부품 제조",,,,,,
우수AMS,자동차 신품 부품 제조업,"엔진, 조향 및 기아변속기 부품",,,,,,
우리산업홀딩스,자동차 신품 부품 제조업,HVAC ACTUATOR (자동차 공조장치 부품 등),,,,,,
인팩,자동차 신품 부품 제조업,"자동차용 케이블,전자정보통신관련기기 제조,도매",,,,,,
상신브레이크,자동차 신품 부품 제조업,"자동차 브레이크 슈 어셈블리,브레이크패드 제조/군납업,무역/부동산 임대",,,,,,
새론오토모티브,자동차 신품 부품 제조업,"자동차부품(브레이크패드,라이닝)",,,,,,
디아크,자동차 신품 부품 제조업,자동차내장카페트,,,,,,
평화산업,자동차 신품 부품 제조업,"자동차부품(방진고무,방류고무(COVER류,CUP류),호스류),장비시설용 부품 제조,판매",,,,,,
아이윈,자동차 신품 부품 제조업,시트히터,,,,,,
성창오토텍,자동차 신품 부품 제조업,"차량용 에어컨필터, 차량용인버터 등",,,,,,
네오티스,자동차 신품 부품 제조업,"마이크로비트,샤프트",,,,,,
디아이씨,자동차 신품 부품 제조업,"자동차부품(트란스밋숀,프런트액슬,기어,전동축),변속동력전달장치,특수공구,농기계 및 산업기계부품 제조,무역",,,,,,
에스맥,자동차 신품 부품 제조업,휴대폰용키모듈,,,,,,
대성파인텍,자동차 신품 부품 제조업,"자동차부품(시트,도어) 제조",,,,,,
이원컴포텍,자동차 신품 부품 제조업,에어서스펜션 시트/일반고정형 시트/스프링서스펜션 시트,,,,,,
삼기,자동차 신품 부품 제조업,자동차부품,,,,,,
서진오토모티브,자동차 신품 부품 제조업,"Clutch,Flywheel,Driveplate,Bearing,ATparts",,,,,,
에스제이엠,자동차 신품 부품 제조업,자동차및산업용Bellows,,,,,,
엠에스오토텍,자동차 신품 부품 제조업,자동차 차체 부품,,,,,,
코리아에프티,자동차 신품 부품 제조업,"캐니스터,플라스틱필러넥,의장부품",,,,,,
화신정공,자동차 신품 부품 제조업,자동차부품,,,,,,
티피씨글로벌,자동차 신품 부품 제조업,"정밀인발강관, 정밀강관, Water pipe, Filler Neck 등",,,,,,
현대위아,자동차 신품 부품 제조업,"자동차부품, 공작기계 등",,,,,,
삼원강재,자동차 신품 부품 제조업,"열간압연제품(평강,봉강,특수이형강,환강,자동차용 겹판스프링) 제조,판매",,,,,,
지엠비코리아,자동차 신품 부품 제조업,"VS, TIB, CVJoint 등",,,,,,
디젠스,자동차 신품 부품 제조업,자동차용 소음기(머플러),,,,,,
태양기계,자동차 신품 부품 제조업,엔진부품,,,,,,
엔브이에이치코리아,자동차 신품 부품 제조업,"헤드라이너, NVH부품",,,,,,
현대공업,자동차 신품 부품 제조업,"시트패드, 암레스트, 헤드레스트",,,,,,
한중엔시에스,자동차 신품 부품 제조업,"자동차 신품 부품제조업(배기시스템부품, Electroinc, 전기차 밧데리 모듈 부품 등)",,,,,,
캐스텍코리아,자동차 신품 부품 제조업,자동차용 터보차저 부품,,,,,,
서연이화,자동차 신품 부품 제조업,자동차 도어 트림 및 시트,,,,,,
HL만도,자동차 신품 부품 제조업,"제동장치, 조향장치, 현가장치",,,,,,
우리산업,자동차 신품 부품 제조업,ACTUATOR 등,,,,,,
금호에이치티,자동차 신품 부품 제조업,자동차용 전구 및 LED모듈,,,,,,
네오오토,자동차 신품 부품 제조업,"피니언 기어, 디프 어셈블리, 대형기어",,,,,,
아진산업,자동차 신품 부품 제조업,자동차 차체 부품,,,,,,
두올,자동차 신품 부품 제조업,시트 커버 및 시트 원단,,,,,,
유니테크노,자동차 신품 부품 제조업,"자동차 부품, 전기차 부품, 배터리 셀케이스, ESS 배터리 모듈, SBW 및 EPB, EPS 전동화 부품",,,,,,
핸즈코퍼레이션,자동차 신품 부품 제조업,자동차 알루미늄 휠,,,,,,
모트렉스,자동차 신품 부품 제조업,차량용 인포테인먼트,,,,,,
폴라리스세원,자동차 신품 부품 제조업,자동차 공조장치 부품,,,,,,
영화테크,자동차 신품 부품 제조업,자동차 정션박스 등,,,,,,
에코캡,자동차 신품 부품 제조업,"자동차 부품(전선, 케이블, 벌브소켓, LED 등)",,,,,,
대유에이피,자동차 신품 부품 제조업,자동차 스티어링휠,,,,,,
디와이씨,자동차 신품 부품 제조업,자동차 부품,,,,,,
엔지브이아이,자동차 신품 부품 제조업,천연가스자동차용 연료저장장치 등,,,,,,
센트랄모텍,자동차 신품 부품 제조업,"이너레이스, 오디 클러치보스, 로터샤프트, 슬리브기어, 컨트롤 암, 엑슬",,,,,,
오텍,자동차 재제조 부품 제조업,"냉동 및 내장탑차, 앰블란스",,,,,,
디피코,자동차 차체 및 트레일러 제조업,"전기화물자동차, 자동차 엔지니어링 서비스, 의료용전동스쿠터 등",,,,,,
기아,자동차용 엔진 및 자동차 제조업,"승용차,중대형버스,트럭,민수특수차량,군수차량 제조,판매,정비",,,,,,
현대자동차,자동차용 엔진 및 자동차 제조업,"자동차(승용차,버스,트럭,특장차),자동차부품,자동차전착도료 제조,차량정비사업",,,,,,
KG모빌리티,자동차용 엔진 및 자동차 제조업,"자동차,자동차부품,차륜,정비 제조/도소매",,,,,,
광림,자동차용 엔진 및 자동차 제조업,"전기공사용 특수차량 및 중량물 운반용 크레인을 생산, 판매하는 제조업체",,,,,,
동양피스톤,자동차용 엔진 및 자동차 제조업,자동차엔진용 피스톤,,,,,,
금호전기,전구 및 조명장치 제조업,"형광등,백열전구,전구식현광등,실드빔(차량용전조) 제조,판매",,,,,,
우리바이오,전구 및 조명장치 제조업,건강기능식품 개발 제조 및 스마트팜 연구개발,,,,,,
에이펙스인텍,전구 및 조명장치 제조업,LED조명장치 등,,,,,,
아이엘사이언스,전구 및 조명장치 제조업,LED용 실리콘렌즈 외,,,,,,
테크엔,전구 및 조명장치 제조업,LED조명장치,,,,,,
선도전기,"전동기, 발전기 및 전기 변환 · 공급 · 제어 장치 제조업","수배전반,중전기기 제조,도매/전기공사",,,,,,
광명전기,"전동기, 발전기 및 전기 변환 · 공급 · 제어 장치 제조업","수배전반,가스절연개폐장치,빌딩자동화시스템,중앙감시반,자동제어반 제조,도소매,무역",,,,,,
엘에스일렉트릭,"전동기, 발전기 및 전기 변환 · 공급 · 제어 장치 제조업","고압기기,저압기기,변압기,배전반,PLC,인버터,빌딩설비,공조기,건축배관,자동화기기 제조,동가공",,,,,,
이화전기,"전동기, 발전기 및 전기 변환 · 공급 · 제어 장치 제조업",무정전전원공급장치,,,,,,
한국단자공업,"전동기, 발전기 및 전기 변환 · 공급 · 제어 장치 제조업","전기변환장치(광커넥터,통신용콘넥터,정밀압착단자설계) 제조,무역(수출)",,,,,,
제룡전기,"전동기, 발전기 및 전기 변환 · 공급 · 제어 장치 제조업","송배전용금구류,변압기",,,,,,
우리기술,"전동기, 발전기 및 전기 변환 · 공급 · 제어 장치 제조업","시스템사업, 정보통신사업",,,,,,
파루,"전동기, 발전기 및 전기 변환 · 공급 · 제어 장치 제조업","온습도 조절기(에어쿨), 무인방제기(야호)",,,,,,
유라테크,"전동기, 발전기 및 전기 변환 · 공급 · 제어 장치 제조업","점화코일, 스파크플러그",,,,,,
프리엠스,"전동기, 발전기 및 전기 변환 · 공급 · 제어 장치 제조업","건설장비용 전장품,제어기",,,,,,
비츠로시스,"전동기, 발전기 및 전기 변환 · 공급 · 제어 장치 제조업","원방감시제어시스템, 분산제어시스템",,,,,,
서호전기,"전동기, 발전기 및 전기 변환 · 공급 · 제어 장치 제조업","항만크레인,구동전기장치",,,,,,
에스피지,"전동기, 발전기 및 전기 변환 · 공급 · 제어 장치 제조업",소형 Geared Motor,,,,,,
파워로직스,"전동기, 발전기 및 전기 변환 · 공급 · 제어 장치 제조업","2차전지 보호회로 및 배터리팩, 카메라모듈",,,,,,
동양이엔피,"전동기, 발전기 및 전기 변환 · 공급 · 제어 장치 제조업","휴대폰용,OA기기및통신장비용,디지털가전용전원공급장치",,,,,,
에스에너지,"전동기, 발전기 및 전기 변환 · 공급 · 제어 장치 제조업","태양광발전시스템,태양전지모듈",,,,,,
다원시스,"전동기, 발전기 및 전기 변환 · 공급 · 제어 장치 제조업","핵융합 전원장치, 플라즈마 전원장치, 태양광 CVD 전원장치, 산업용 특수정류기",,,,,,
지엔씨에너지,"전동기, 발전기 및 전기 변환 · 공급 · 제어 장치 제조업","비상발전기, 소형열병합발전설비, 바이오가스발전설비",,,,,,
신화콘텍,"전동기, 발전기 및 전기 변환 · 공급 · 제어 장치 제조업","커넥터(정보통신기기용, 디스플레이용, HDD용 등)",,,,,,
서전기전,"전동기, 발전기 및 전기 변환 · 공급 · 제어 장치 제조업","수배전반, 전력기기, 전기공사",,,,,,
썬테크,"전동기, 발전기 및 전기 변환 · 공급 · 제어 장치 제조업","자기진단형 발전기, 영구자석 회전자 발전기",,,,,,
피앤씨테크,"전동기, 발전기 및 전기 변환 · 공급 · 제어 장치 제조업",배전자동화단말장치,,,,,,
현대일렉트릭,"전동기, 발전기 및 전기 변환 · 공급 · 제어 장치 제조업","변압기, 고압차단기, 회전기, 배전반 등",,,,,,
SK시그넷,"전동기, 발전기 및 전기 변환 · 공급 · 제어 장치 제조업",전기차 충전기,,,,,,
EMB,"전동기, 발전기 및 전기 변환 · 공급 · 제어 장치 제조업","태양광ESS,휴대폰 액세서리",,,,,,
파워넷,"전동기, 발전기 및 전기 변환 · 공급 · 제어 장치 제조업",전력변환장치,,,,,,
효성중공업,"전동기, 발전기 및 전기 변환 · 공급 · 제어 장치 제조업",-,,,,,,
에스퓨얼셀,"전동기, 발전기 및 전기 변환 · 공급 · 제어 장치 제조업","건물용 연료전지, 발전용 연료전지",,,,,,
에이치앤비디자인,"전동기, 발전기 및 전기 변환 · 공급 · 제어 장치 제조업",스마트 액세서리(보조배터리 등),,,,,,
윌링스,"전동기, 발전기 및 전기 변환 · 공급 · 제어 장치 제조업",태양광 인버터 등,,,,,,
두산퓨얼셀,"전동기, 발전기 및 전기 변환 · 공급 · 제어 장치 제조업",연료전지,,,,,,
삼화콘덴서공업,전자부품 제조업,콘덴서(축전기) 제조,,,,,,
삼영전자공업,전자부품 제조업,"전자부품(알루미늄 전해콘덴서),전기이중층콘덴서,센서 제조,도매",,,,,,
삼성전기,전자부품 제조업,"수동소자 (MLCC, Inductor, Chip Resistor 등), 모듈(카메라모듈, 통신모듈), 반도체패키지 기판",,,,,,
코리아써키트,전자부품 제조업,"인쇄회로기판,Module 제조/부동산(건물) 임대",,,,,,
삼화전기,전자부품 제조업,"콘덴서 제조,판매",,,,,,
써니전자,전자부품 제조업,"수정진동자,수정발진기,초음파지연선,MCF,축수나사 제조,도매,수출입",,,,,,
에이엔피,전자부품 제조업,"전자부품(인쇄회로기판),무정전 전원공급장치 제조",,,,,,
한솔테크닉스,전자부품 제조업,"백라이트유닛,인버터,폴리바리콘,모니터,통신장비 제조",,,,,,
경인전자,전자부품 제조업,"스위치,리모콘,배선기구,섬머스타트,게임기,전자부품 제조,판매",,,,,,
성문전자,전자부품 제조업,"콘덴서용 증착필름,압력분무식 플러스자동도포기 제조,판매",,,,,,
시노펙스,전자부품 제조업,"전자부품, 필터",,,,,,
뉴인텍,전자부품 제조업,콘덴서,,,,,,
동일기연,전자부품 제조업,EMI,,,,,,
모아텍,전자부품 제조업,위치제어용초정및소형모터,,,,,,
엠케이전자,전자부품 제조업,반도체용세금선,,,,,,
자화전자,전자부품 제조업,"Bonded magenet,플라스틱자성제품,티탄산 바륨계 반도체소자,휴대전화용 Vibration Motor,전자관,전자부품 제조",,,,,,
인지디스플레,전자부품 제조업,"TFT-LCDCHASSIS,TFT-LCDLAMPREFLECTOR,ICLEADFRAME,TRLEADFRAME",,,,,,
에프에스티,전자부품 제조업,"펠리클(반도체부품), 칠러장비, 반도체유통",,,,,,
아이에이,전자부품 제조업,"반도체 및 모듈, 제어기",,,,,,
바이오스마트,전자부품 제조업,"M/S 카드제조업, IC 카드제조, 카드장비판매",,,,,,
엘컴텍,전자부품 제조업,"BLU(Back Light Unit), CCM(Compact Camera Module), Display용 EL",,,,,,
HLB이노베이션,전자부품 제조업,리드프레임,,,,,,
캠시스,전자부품 제조업,휴대폰용 카메라모듈,,,,,,
파인디앤씨,전자부품 제조업,"CHASSIS , 금형",,,,,,
유아이엘,전자부품 제조업,"스마트폰 기구부품(키버튼,금속부품,부자재,악세서리 등)",,,,,,
MIT,전자부품 제조업,캐패시터,,,,,,
성호전자,전자부품 제조업,"전원공급장치,필름콘덴서",,,,,,
리노공업,전자부품 제조업,"리노핀, 반도체 소켓 등",o,,,,,선배
성우테크론,전자부품 제조업,"리드프레임,반도체검사장비",,,,,,
KH 필룩스,전자부품 제조업,"전자부품(페라이트코아,트랜스포머,데코램프) 제조/온라인정보 제공/부동산 임대",,,,,,
한국컴퓨터,전자부품 제조업,PCB Assembly (PBA),,,,,,
3S,전자부품 제조업,반도체 웨이퍼 캐리어,,,,,,
이랜텍,전자부품 제조업,Battery Pack,,,,,,
KH바텍,전자부품 제조업,"휴대폰부품(SHIELD, BRACKET)",,,,,,
아비코전자,전자부품 제조업,"인덕터, 저항기",,,,,,
새로닉스,전자부품 제조업,"광학시트, FFC",,,,,,
디스플레이텍,전자부품 제조업,LCD Module,,,,,,
인터플렉스,전자부품 제조업,연성회로기판(Flexible PCB),,,,,,
아모텍,전자부품 제조업,"칩바리스터, 아몰퍼스코어",,,,,,
유아이디,전자부품 제조업,"ITO COATING, GLASS LAMINATION",,,,,,
이수페타시스,전자부품 제조업,"P.C.B(인쇄회로기판),M.L.B 제조",,,,,,
우주일렉트로,전자부품 제조업,정보통신용 초정밀커넥터,,,,,,
세진티에스,전자부품 제조업,LED/LCD용 광기능성 시트,,,,,,
디에이피,전자부품 제조업,Build-Up PCB(인쇄회로기판),,,,,,
비케이홀딩스,전자부품 제조업,"Metal Paste, Solder Ball",,,,,,
LG디스플레이,전자부품 제조업,액정표시장치(TFT-LCD) 제조,,,,,,
대주전자재료,전자부품 제조업,"전도성페이스트,태양전지 페이스트,고분자재료,PIG,이차전지용음극재료",o,,,,,선배
뉴프렉스,전자부품 제조업,연성인쇄회로기판,,,,,,
파트론,전자부품 제조업,"카메라모듈, 안테나, 센서류 등",,,,,,
비에이치,전자부품 제조업,연성인쇄회로기판(FPCB),,,,,,
이엠텍,전자부품 제조업,"마이크로스피커,리시버",,,,,,
S&K폴리텍,전자부품 제조업,고밀도폴리우레탄폼시트,,,,,,
ISC,전자부품 제조업,반도체테스트소켓,,,,,,
엘엠에스,전자부품 제조업,프리즘시트,,,,,,
제이엠티,전자부품 제조업,LCD패널용PBA,,,,,,
현우산업,전자부품 제조업,인쇄회로판(PCB),,,,,,
월덱스,전자부품 제조업,반도체용링및전극,,,,,,
아이엠,전자부품 제조업,휴대폰카메라모듈 등,,,,,,
LG이노텍,전자부품 제조업,기타 전자부품 제조업,,,,,,
마이크로컨텍솔,전자부품 제조업,"BGA IC Burn-In Socket,DRAM Module Socket",,,,,,
아이컴포넌트,전자부품 제조업,액정평판디스플레이용 플라스틱 박판필름 제조업,,,,,,
에스앤에스텍,전자부품 제조업,블랭크마스크,,,,,,
케이엔더블유,전자부품 제조업,"Blanket, DOF, 보호필름",,,,,,
멜파스,전자부품 제조업,"터치센서 칩, 터치스크린 모듈, 터치키 모듈 제조",,,,,,
하이소닉,전자부품 제조업,휴대폰 카메라용 Auto Focus Actuator,,,,,,
에스디시스템,전자부품 제조업,"요금징수시스템, 지능형교통시스템,하이패스단말기",,,,,,
크루셜텍,전자부품 제조업,"바이오메트릭 트랙패드, 옵티컬 트랙패드, 모바일 플래시 모듈/PL렌즈",,,,,,
와이솔,전자부품 제조업,"SAW Filter, Wafer Chip, Duplexer",,,,,,
셀피글로벌,전자부품 제조업,신용카드 및 전자화폐 등,,,,,,
이브이첨단소재,전자부품 제조업,연성회로기판,,,,,,
롯데에너지머티리얼즈,전자부품 제조업,"인쇄회로기판(PCB)용 전해동박(ACF,UCF),에폭시용 동박,전해콘덴서용 알루미늄박 제조,판매",,,,,,
씨엔플러스,전자부품 제조업,커넥터,,,,,,
빛샘전자,전자부품 제조업,"전광판용 LED 모듈, LED 전광판, 광접속함체",,,,,,
SBW생명과학,전자부품 제조업,"Blue Filter, IR Filter, Camera Module",,,,,,
아바텍,전자부품 제조업,"Glass Slimming & ITO코팅 제품, PDP필터",,,,,,
와이엠씨,전자부품 제조업,"FPD 패널용 Target, Backing Plate 등",,,,,,
솔루에타,전자부품 제조업,전자파 차폐소재,,,,,,
트루윈,전자부품 제조업,"자동차용 센서(APS, TPS, IAPS, SLS)",,,,,,
파버나인,전자부품 제조업,"알루미늄 소재 TV 외관재(프레임, 스탠드)",,,,,,
바이오로그디바이스,전자부품 제조업,모바일용 카메라모듈 부품외,,,,,,
오킨스전자,전자부품 제조업,반도체 검사용 소켓,,,,,,
와이제이엠게임즈,전자부품 제조업,휴대폰용 진동모터,,,,,,
덕산네오룩스,전자부품 제조업,"HTL(정공수송층), HIL(정공주입층), RED HOST",,,,,,
픽셀플러스,전자부품 제조업,CMOS 이미지센서 및 칩셋,,,,,,
아이쓰리시스템,전자부품 제조업,"적외선 영상센서, 엑스레이 영상센서",,,,,,
심텍,전자부품 제조업,반도체용 인쇄회로기판,,,,,,
타이거일렉,전자부품 제조업,인쇄회로기판 제조업,,,,,,
나무가,전자부품 제조업,"스마트폰 카메라모듈, 노트북 카메라모듈",,,,,,
에이치엔에스하이텍,전자부품 제조업,"이방성전도필름, 수정진동자",,,,,,
육일씨엔에쓰,전자부품 제조업,IT용 Cover Glass,,,,,,
알엔투테크놀로지,전자부품 제조업,"이동통신부품(커플러), 의료기기용기판, 파우더",,,,,,
해성디에스,전자부품 제조업,반도체 패키지용 Substrate,,,,,,
아이윈플러스,전자부품 제조업,이미지센서 패키징,,,,,,
블루탑,전자부품 제조업,,,,,,,
